budget,genres,homepage,id,keywords,original_language,original_title,overview,popularity,production_companies,production_countries,release_date,revenue,runtime,spoken_languages,status,tagline,title,vote_average,vote_count
2600000,"[{""id"": 16, ""name"": ""Animation""}, {""id"": 10751, ""name"": ""Family""}]",,10895,"[{""id"": 131, ""name"": ""italy""}, {""id"": 2251, ""name"": ""lie""}, {""id"": 2343, ""name"": ""magic""}, {""id"": 2710, ""name"": ""fairy""}, {""id"": 3244, ""name"": ""pinocchio""}, {""id"": 3473, ""name"": ""carnival""}, {""id"": 4896, ""name"": ""wish""}, {""id"": 5202, ""name"": ""boy""}, {""id"": 5560, ""name"": ""nose""}, {""id"": 6300, ""name"": ""puppet""}, {""id"": 10336, ""name"": ""animation""}, {""id"": 10499, ""name"": ""pool""}, {""id"": 33674, ""name"": ""conscience""}, {""id"": 33675, ""name"": ""jackass""}, {""id"": 33676, ""name"": ""figaro""}, {""id"": 33677, ""name"": ""sneezing""}, {""id"": 187065, ""name"": ""toy comes to life""}]",en,Pinocchio,"Lonely toymaker Geppetto has his wishes answered when the Blue Fairy arrives to bring his wooden puppet Pinocchio to life. Before becoming a real boy, however, Pinocchio must prove he's worthy as he sets off on an adventure with his whistling sidekick and conscience, Jiminy Cricket. From Stromboli's circus to Pleasure Island, Pinocchio is tested by many temptations, but slowly learns how to navigate right from wrong. With a few mishaps along the way, Geppetto's ""little woodenhead"" finally gets it right, proving that when you wish upon a star dreams really can come true!",46.007991,"[{""name"": ""RKO Radio Pictures"", ""id"": 6}, {""name"": ""Walt Disney Productions"", ""id"": 3166}]","[{""iso_3166_1"": ""US"", ""name"": ""United States of America""}]",2/23/1940,84300000,88,"[{""iso_639_1"": ""en"", ""name"": ""English""}]",Released,For anyone who has ever wished upon a star.,Pinocchio,6.9,1355
92620000,"[{""id"": 18, ""name"": ""Drama""}, {""id"": 878, ""name"": ""Science Fiction""}]",,19,"[{""id"": 312, ""name"": ""man vs machine""}, {""id"": 1001, ""name"": ""underground world""}, {""id"": 1436, ""name"": ""inventor""}, {""id"": 1761, ""name"": ""metropolis""}, {""id"": 2346, ""name"": ""worker""}, {""id"": 2964, ""name"": ""future""}, {""id"": 3223, ""name"": ""machine town""}, {""id"": 3640, ""name"": ""work""}, {""id"": 4034, ""name"": ""class society""}, {""id"": 4565, ""name"": ""dystopia""}, {""id"": 5966, ""name"": ""tower of babel""}, {""id"": 6662, ""name"": ""delirium""}, {""id"": 10012, ""name"": ""chase scene""}, {""id"": 10125, ""name"": ""mad scientist""}, {""id"": 11222, ""name"": ""prophet""}, {""id"": 14544, ""name"": ""robot""}, {""id"": 14796, ""name"": ""destruction""}, {""id"": 154802, ""name"": ""silent film""}, {""id"": 201028, ""name"": ""depravity""}, {""id"": 206472, ""name"": ""masterpiece""}, {""id"": 234109, ""name"": ""downtrodden""}, {""id"": 234110, ""name"": ""saviour""}]",de,Metropolis,"In a futuristic city sharply divided between the working class and the city planners, the son of the city's mastermind falls in love with a working class prophet who predicts the coming of a savior to mediate their differences.",32.351527,"[{""name"": ""Paramount Pictures"", ""id"": 4}, {""name"": ""Universum Film (UFA)"", ""id"": 12372}]","[{""iso_3166_1"": ""DE"", ""name"": ""Germany""}]",1/10/1927,650422,153,"[{""iso_639_1"": ""xx"", ""name"": ""No Language""}]",Released,There can be no understanding between the hands and the brain unless the heart acts as mediator.,Metropolis,8,657
0,"[{""id"": 12, ""name"": ""Adventure""}, {""id"": 18, ""name"": ""Drama""}, {""id"": 10749, ""name"": ""Romance""}]",,43867,"[{""id"": 1930, ""name"": ""kidnapping""}, {""id"": 2505, ""name"": ""coronation""}, {""id"": 3289, ""name"": ""villain""}, {""id"": 4152, ""name"": ""kingdom""}, {""id"": 5515, ""name"": ""heir to the throne""}, {""id"": 9920, ""name"": ""royalty""}, {""id"": 10325, ""name"": ""mistaken identity""}, {""id"": 13084, ""name"": ""king""}, {""id"": 177035, ""name"": ""identity swap""}, {""id"": 204060, ""name"": ""monarch""}, {""id"": 235228, ""name"": ""lookalikes""}, {""id"": 236891, ""name"": ""beautiful princess""}]",en,The Prisoner of Zenda,"An Englishman on a Ruritarian holiday must impersonate the king when the rightful monarch, a distant cousin, is drugged and kidnapped.",4.021389,"[{""name"": ""United Artists"", ""id"": 60}, {""name"": ""Selznick International Pictures"", ""id"": 1553}]","[{""iso_3166_1"": ""US"", ""name"": ""United States of America""}]",9/3/1937,0,101,"[{""iso_639_1"": ""es"", ""name"": ""Espa\u00f1ol""}, {""iso_639_1"": ""en"", ""name"": ""English""}]",Released,The most thrilling swordfight ever filmed...,The Prisoner of Zenda,8.4,11
8250000,"[{""id"": 18, ""name"": ""Drama""}, {""id"": 36, ""name"": ""History""}, {""id"": 10749, ""name"": ""Romance""}]",,11620,"[{""id"": 5049, ""name"": ""ancient rome""}, {""id"": 6917, ""name"": ""epic""}, {""id"": 9144, ""name"": ""kaiser nero""}]",en,Quo Vadis,"Set against the back drop of Rome in crisis, General Marcus Vinicius returns to the city from the battle fields and falls in love with a Christian woman, Lygia. Caught in the grip of insanity, Nero's atrocities become more extreme and he burns Rome, laying the blame on the Christians. Vinicius races to save Lygia from the wrath of Nero as the empire of Rome collapses around them.",7.973109,"[{""name"": ""Metro-Goldwyn-Mayer (MGM)"", ""id"": 8411}]","[{""iso_3166_1"": ""US"", ""name"": ""United States of America""}]",11/8/1951,30000000,171,"[{""iso_639_1"": ""en"", ""name"": ""English""}]",Released,THIS IS THE BIG ONE! The splendor and savagery of the world's wickedest empire! Three hours of spectacle you'll remember for a lifetime!,Quo Vadis,7,63
6000000,"[{""id"": 37, ""name"": ""Western""}]",,32275,"[{""id"": 183528, ""name"": ""half breed""}]",en,Duel in the Sun,"Beautiful half-breed Pearl Chavez becomes the ward of her dead father's first love and finds herself torn between her sons, one good and the other bad.",7.60445,"[{""name"": ""The Selznik Studio"", ""id"": 62}, {""name"": ""Vanguard Films"", ""id"": 614}]","[{""iso_3166_1"": ""US"", ""name"": ""United States of America""}]",12/31/1946,20400000,144,"[{""iso_639_1"": ""en"", ""name"": ""English""}]",Released,Emotions . . . As Violent As The Wind-Swept Prairie !,Duel in the Sun,6.2,37
4100000,"[{""id"": 18, ""name"": ""Drama""}]",,29912,"[{""id"": 3571, ""name"": ""crucifixion""}, {""id"": 5049, ""name"": ""ancient rome""}]",en,The Robe,"Marcellus is a tribune in the time of Christ. He is in charge of the group that is assigned to crucify Jesus. Drunk, he wins Jesus' homespun robe after the crucifixion. He is tormented by nightmares and delusions after the event. Hoping to find a way to live with what he has done, and still not believing in Jesus, he returns to Palestine to try and learn what he can of the man he killed.",4.028875,"[{""name"": ""Twentieth Century Fox Film Corporation"", ""id"": 306}]","[{""iso_3166_1"": ""US"", ""name"": ""United States of America""}]",9/16/1953,36000000,135,"[{""iso_639_1"": ""en"", ""name"": ""English""}]",Released,The first motion picture in CinemaScope--the modern miracle you see without glasses!,The Robe,6.4,42
5000000,"[{""id"": 12, ""name"": ""Adventure""}, {""id"": 18, ""name"": ""Drama""}, {""id"": 878, ""name"": ""Science Fiction""}]",,173,"[{""id"": 269, ""name"": ""diving""}, {""id"": 270, ""name"": ""ocean""}, {""id"": 339, ""name"": ""submarine""}, {""id"": 385, ""name"": ""jules verne""}, {""id"": 1316, ""name"": ""captain""}, {""id"": 2768, ""name"": ""atlantis""}, {""id"": 2769, ""name"": ""deep sea""}, {""id"": 2770, ""name"": ""war ship""}, {""id"": 2772, ""name"": ""diving suit""}, {""id"": 3193, ""name"": ""harpoon""}, {""id"": 3799, ""name"": ""ship""}, {""id"": 6091, ""name"": ""war""}, {""id"": 10503, ""name"": ""scuba diving""}, {""id"": 14785, ""name"": ""underwater""}, {""id"": 155334, ""name"": ""scuba""}, {""id"": 191409, ""name"": ""captain nemo""}, {""id"": 219972, ""name"": ""giant  squid""}]",en,"20,000 Leagues Under the Sea","A ship sent to investigate a wave of mysterious sinkings encounters the advanced submarine, the Nautilus, commanded by Captain Nemo.",9.358197,"[{""name"": ""Walt Disney Productions"", ""id"": 3166}]","[{""iso_3166_1"": ""US"", ""name"": ""United States of America""}]",12/23/1954,28200000,127,"[{""iso_639_1"": ""en"", ""name"": ""English""}]",Released,The mightiest motion picture of them all!,"20,000 Leagues Under the Sea",6.8,157
5000000,"[{""id"": 36, ""name"": ""History""}, {""id"": 18, ""name"": ""Drama""}]",,24973,"[{""id"": 1160, ""name"": ""egypt""}]",en,The Egyptian,"In eighteenth-dynasty Egypt, Sinuhe, a poor orphan, becomes a brilliant physician and with his friend Horemheb is appointed to the service of the new Pharoah. Sinuhe's personal triumphs and tragedies are played against the larger canvas of the turbulent events of the 18th dynasty. As Sinuhe is drawn into court intrigues he learns the answers to the questions he has sought since his birth.",4.079111,"[{""name"": ""Twentieth Century Fox Film Corporation"", ""id"": 306}]","[{""iso_3166_1"": ""US"", ""name"": ""United States of America""}]",8/25/1954,15000000,139,"[{""iso_639_1"": ""el"", ""name"": ""\u03b5\u03bb\u03bb\u03b7\u03bd\u03b9\u03ba\u03ac""}, {""iso_639_1"": ""en"", ""name"": ""English""}]",Released,"To Nefer, shameless temptress of Babylon, he surrendered his parents' hope of immortality!",The Egyptian,6,11
5000000,"[{""id"": 18, ""name"": ""Drama""}, {""id"": 36, ""name"": ""History""}, {""id"": 10749, ""name"": ""Romance""}, {""id"": 10752, ""name"": ""War""}]",,29996,"[{""id"": 536, ""name"": ""israel""}, {""id"": 1160, ""name"": ""egypt""}, {""id"": 3684, ""name"": ""religion and supernatural""}, {""id"": 6917, ""name"": ""epic""}]",en,Solomon and Sheba,"Under the rule of King David, Israel is united and prosperous although surrounded by enemies including Egypt and its allies. The aging King David favors his younger son, Solomon, as his successor, but David's  elder son Prince Adonijah, a warrior, declares himself King. When David learns of this, he publicly announces Solomon to be his successor. Adonijah and Joab, his general, withdraw in rage. Israel prospers under King Solomon's wise and benevolent rule and is seen as a threat to more tyrannical monarchs in the region. The Pharaoh of Egypt agrees to cede a Red Sea port to the Queen of Sheba in a plot to undermine Solomon's rule. Sheba is to seduce Solomon and introduce Sheban pagan worship into Jerusalem. Meanwhile, Prince Adonijah, now banished, also conspires with Pharaoh and is given an army to defeat Solomon. The film is a highly fictionalized dramatization of events depicted in The Bible -- First Kings chapter 10 and Second Chronicles chapter 9.",0.835617,"[{""name"": ""Edward Small Productions"", ""id"": 13479}]","[{""iso_3166_1"": ""US"", ""name"": ""United States of America""}]",12/25/1959,12200000,139,"[{""iso_639_1"": ""en"", ""name"": ""English""}]",Released,Only once in 3000 years...anything like...,Solomon and Sheba,5.4,8
4,"[{""id"": 18, ""name"": ""Drama""}, {""id"": 10749, ""name"": ""Romance""}, {""id"": 10752, ""name"": ""War""}]",,22649,"[{""id"": 131, ""name"": ""italy""}, {""id"": 428, ""name"": ""nurse""}, {""id"": 3452, ""name"": ""love letter""}, {""id"": 3776, ""name"": ""officer""}, {""id"": 10093, ""name"": ""priest""}, {""id"": 10685, ""name"": ""escape""}, {""id"": 11612, ""name"": ""hospital""}, {""id"": 12392, ""name"": ""best friend""}, {""id"": 156764, ""name"": ""pre-code""}, {""id"": 158547, ""name"": ""air raid""}, {""id"": 185034, ""name"": ""ambulance driver""}, {""id"": 185037, ""name"": ""battle of the isonzo""}, {""id"": 233360, ""name"": ""air attack""}]",en,A Farewell to Arms,"British nurse Catherine Barkley (Helen Hayes) and American Lieutenant Frederic Henry (Gary Cooper) fall in love during the First World War in Italy. Eventually separated by Frederic's transfer, tremendous challenges and difficult decisions face each, as the war rages on. Academy Awards winner for Best Cinematography and for Best Sound, Recording. Nominated for Best Picture and for Best Art Direction.",1.199451,"[{""name"": ""Paramount Pictures"", ""id"": 4}]","[{""iso_3166_1"": ""US"", ""name"": ""United States of America""}]",12/8/1932,25,89,"[{""iso_639_1"": ""en"", ""name"": ""English""}]",Released,Every woman who has loved will understand,A Farewell to Arms,6.2,28
0,"[{""id"": 28, ""name"": ""Action""}, {""id"": 18, ""name"": ""Drama""}, {""id"": 10749, ""name"": ""Romance""}]",,56930,"[{""id"": 1262, ""name"": ""mountains""}, {""id"": 5721, ""name"": ""engineer""}, {""id"": 34139, ""name"": ""railroad""}, {""id"": 211062, ""name"": ""ethics""}]",en,Tycoon,"Engineer Johnny Munroe is enlisted to build a railroad tunnel through a mountain to reach mines. His task is complicated, and his ethics are compromised, when he falls in love with his boss's daughter",0.042442,"[{""name"": ""RKO Radio Pictures"", ""id"": 6}]","[{""iso_3166_1"": ""US"", ""name"": ""United States of America""}]",12/27/1947,0,128,"[{""iso_639_1"": ""en"", ""name"": ""English""}]",Released,Breath-taking Adventure !,Tycoon,6.6,4
4500000,"[{""id"": 12, ""name"": ""Adventure""}, {""id"": 18, ""name"": ""Drama""}]",,10339,"[{""id"": 818, ""name"": ""based on novel""}, {""id"": 1316, ""name"": ""captain""}, {""id"": 1422, ""name"": ""boat""}, {""id"": 1523, ""name"": ""obsession""}, {""id"": 2580, ""name"": ""shipwreck""}, {""id"": 4327, ""name"": ""stroke of fate""}, {""id"": 4676, ""name"": ""whale""}, {""id"": 7240, ""name"": ""walrus""}, {""id"": 9748, ""name"": ""revenge""}]",en,Moby Dick,"In 1841, young Ishmael signs up for service abroad the Pequod, a whaler sailing out of New Bedford. The ship is under the command of Captain Ahab, a strict disciplinarian who exhorts his men to find Moby Dick, the great white whale. Ahab lost his his leg to that creature and is desperate for revenge. As the crew soon learns, he will stop at nothing to gain satisfaction.",5.224593,"[{""name"": ""Warner Bros."", ""id"": 6194}, {""name"": ""Moulin Productions Inc."", ""id"": 14373}]","[{""iso_3166_1"": ""US"", ""name"": ""United States of America""}]",6/27/1956,10400000,116,"[{""iso_639_1"": ""en"", ""name"": ""English""}]",Released,"From the immortal adventure classic...of whaling men, their ships, and the sea!",Moby Dick,6.9,89
0,"[{""id"": 10402, ""name"": ""Music""}, {""id"": 10749, ""name"": ""Romance""}]",,27686,"[{""id"": 162843, ""name"": ""state fair""}]",en,State Fair,"During their annual visit to the Iowa State Fair, the Frake family enjoy many adventures. Proud patriarch Abel (Charles Winninger) has high hopes for his champion swine Blueboy; and his wife Melissa (Fay Bainter) enters the mincemeat and pickles contest...with hilarious results.",1.847822,"[{""name"": ""Twentieth Century Fox Film Corporation"", ""id"": 306}]","[{""iso_3166_1"": ""US"", ""name"": ""United States of America""}]",8/29/1945,0,96,"[{""iso_639_1"": ""en"", ""name"": ""English""}]",Released,,State Fair,6.2,19
4000000,"[{""id"": 28, ""name"": ""Action""}, {""id"": 18, ""name"": ""Drama""}, {""id"": 10749, ""name"": ""Romance""}]",,27191,"[{""id"": 291, ""name"": ""circus""}, {""id"": 41585, ""name"": ""travelling circus""}]",en,The Greatest Show on Earth,"To ensure a full profitable season, circus manager Brad Braden engages The Great Sebastian, though this moves his girlfriend Holly from her hard-won center trapeze spot. Holly and Sebastian begin a dangerous one-upmanship duel in the ring, while he pursues her on the ground.",8.988455,"[{""name"": ""Paramount Pictures"", ""id"": 4}]","[{""iso_3166_1"": ""US"", ""name"": ""United States of America""}]",1/10/1952,36000000,152,"[{""iso_639_1"": ""en"", ""name"": ""English""}, {""iso_639_1"": ""de"", ""name"": ""Deutsch""}]",Released,,The Greatest Show on Earth,6.6,50
4000000,"[{""id"": 18, ""name"": ""Drama""}]",,40494,"[{""id"": 291, ""name"": ""circus""}, {""id"": 180181, ""name"": ""trapeze artist""}]",en,Trapeze,"A pair of men try to perform the dangerous ""triple"" in their trapeze act. Problems arise when the duo is made into a trio following the addition of a sexy female performer.",1.379354,"[{""name"": ""Joanna Productions"", ""id"": 5799}]","[{""iso_3166_1"": ""US"", ""name"": ""United States of America""}]",5/30/1956,14400000,105,"[{""iso_639_1"": ""en"", ""name"": ""English""}, {""iso_639_1"": ""it"", ""name"": ""Italiano""}]",Released,"High...High...High...Above Them All! - in excitement! - in spectacle! - in fire, flesh and fury!",Trapeze,6.4,22
3950000,"[{""id"": 28, ""name"": ""Action""}, {""id"": 18, ""name"": ""Drama""}, {""id"": 36, ""name"": ""History""}]",,22301,"[{""id"": 2504, ""name"": ""world war i""}, {""id"": 3520, ""name"": ""zeppelin""}, {""id"": 10397, ""name"": ""royal air force""}, {""id"": 10398, ""name"": ""royal flying corps""}, {""id"": 10399, ""name"": ""dogfight""}, {""id"": 10400, ""name"": ""airship""}]",en,Hell's Angels,"Two brothers attending Oxford enlist with the Royal Flying Corps when World War I breaks out. Roy and Monte Rutledge have very different personalities. Monte is a freewheeling womanizer, even with his brother's girlfriend Helen. He also proves to have a yellow streak when it comes to his Night Patrol duties. Roy is made of strong moral fiber and attempts to keep his brother in line. Both volunteer for an extremely risky two man bombing mission for different reasons. Monte wants to lose his cowardly reputation and Roy seeks to protect his brother. Roy loves Helen; Helen enjoys an affair with Monte; before they leave on their mission over Germany they find her in still another man's arms.  Their assignment to knock out a strategic German munitions facility is a booming success, but with a squadron of fighters bearing down on them afterwards, escape seems unlikely.",8.484123,"[{""name"": ""The Caddo Company"", ""id"": 13866}]","[{""iso_3166_1"": ""US"", ""name"": ""United States of America""}]",11/15/1930,8000000,127,"[{""iso_639_1"": ""fr"", ""name"": ""Fran\u00e7ais""}, {""iso_639_1"": ""en"", ""name"": ""English""}, {""iso_639_1"": ""de"", ""name"": ""Deutsch""}]",Released,Howard Hughes' Thrilling Multi-Million Dollar Air Spectacle,Hell's Angels,6.1,19
4000000,"[{""id"": 18, ""name"": ""Drama""}, {""id"": 10749, ""name"": ""Romance""}, {""id"": 10752, ""name"": ""War""}]",,770,"[{""id"": 314, ""name"": ""life and death""}, {""id"": 393, ""name"": ""civil war""}, {""id"": 531, ""name"": ""southern usa""}, {""id"": 1452, ""name"": ""loss of child""}, {""id"": 1459, ""name"": ""marriage proposal""}, {""id"": 2076, ""name"": ""atlanta""}, {""id"": 2613, ""name"": ""luxury""}, {""id"": 3136, ""name"": ""plantation""}, {""id"": 4020, ""name"": ""typhus""}, {""id"": 4021, ""name"": ""business woman""}, {""id"": 5809, ""name"": ""marriage crisis""}]",en,Gone with the Wind,An American classic in which a manipulative woman and a roguish man carry on a turbulent love affair in the American south during the Civil War and Reconstruction.,48.98255,"[{""name"": ""Selznick International Pictures"", ""id"": 1553}, {""name"": ""Metro-Goldwyn-Mayer (MGM)"", ""id"": 8411}]","[{""iso_3166_1"": ""US"", ""name"": ""United States of America""}]",12/15/1939,400176459,238,"[{""iso_639_1"": ""en"", ""name"": ""English""}]",Released,The greatest romance of all time!,Gone with the Wind,7.7,970
3768785,"[{""id"": 28, ""name"": ""Action""}, {""id"": 35, ""name"": ""Comedy""}, {""id"": 10402, ""name"": ""Music""}, {""id"": 10749, ""name"": ""Romance""}, {""id"": 37, ""name"": ""Western""}]",,25209,"[{""id"": 4344, ""name"": ""musical""}, {""id"": 10991, ""name"": ""annie oakley""}, {""id"": 18105, ""name"": ""sharpshooter""}]",en,Annie Get Your Gun,"This film adaptation of Irving Berlin's classic musical stars Betty Hutton as gunslinger Annie Oakley, who romances fellow sharpshooter Frank Butler (Howard Keel) as they travel with Buffalo Bill's Wild West Show. Previously off target when it comes to love, Annie proves you can get a man with a gun in this battle-of-the-sexes extravaganza, which features timeless numbers like ""Anything You Can Do"" and ""There's No Business Like Show Business.""",1.726175,"[{""name"": ""Metro-Goldwyn-Mayer (MGM)"", ""id"": 8411}]","[{""iso_3166_1"": ""US"", ""name"": ""United States of America""}]",5/17/1950,8000000,107,"[{""iso_639_1"": ""en"", ""name"": ""English""}]",Released,,Annie Get Your Gun,7.3,22
3700000,"[{""id"": 10402, ""name"": ""Music""}, {""id"": 10749, ""name"": ""Romance""}]",,35032,"[{""id"": 4344, ""name"": ""musical""}, {""id"": 12988, ""name"": ""pirate""}]",en,The Pirate,"A girl is engaged to the local richman, but meanwhile she has dreams about the legendary pirate Macoco. A traveling singer falls in love with her and to impress her he poses as the pirate.",0.90522,"[{""name"": ""Metro-Goldwyn-Mayer (MGM)"", ""id"": 8411}]","[{""iso_3166_1"": ""US"", ""name"": ""United States of America""}]",6/11/1948,2956000,102,"[{""iso_639_1"": ""en"", ""name"": ""English""}]",Released,The great MGM musical romance,The Pirate,6.6,17
3500000,"[{""id"": 18, ""name"": ""Drama""}]",,27029,"[{""id"": 428, ""name"": ""nurse""}, {""id"": 440, ""name"": ""missionary""}, {""id"": 745, ""name"": ""nun""}, {""id"": 1690, ""name"": ""belgium""}, {""id"": 10482, ""name"": ""sanitarium""}, {""id"": 11322, ""name"": ""female protagonist""}, {""id"": 11612, ""name"": ""hospital""}, {""id"": 159845, ""name"": ""tuberculosis""}, {""id"": 160800, ""name"": ""congo""}, {""id"": 165470, ""name"": ""convent""}, {""id"": 172399, ""name"": ""thinness""}, {""id"": 198780, ""name"": ""obedience""}]",en,The Nun's Story,Gabrielle Van Der Mal gave up everything to become a nun. But her faith and her vows are forever being tested: first in the missionary Congo hospital where she assists the brilliant and handsome Dr. Fortunati and then at the mother house in France when World War II has broken out and the nuns are forbidden by the order to take sides.,3.281509,"[{""name"": ""Warner Bros."", ""id"": 6194}]","[{""iso_3166_1"": ""US"", ""name"": ""United States of America""}]",6/18/1959,12800000,149,"[{""iso_639_1"": ""en"", ""name"": ""English""}]",Released,Her Faith Remained Strong and True in the Face of Africa's Terrors!,The Nun's Story,7.4,46
3180000,"[{""id"": 18, ""name"": ""Drama""}, {""id"": 10751, ""name"": ""Family""}, {""id"": 14, ""name"": ""Fantasy""}]",,1585,"[{""id"": 65, ""name"": ""holiday""}, {""id"": 290, ""name"": ""angel""}, {""id"": 818, ""name"": ""based on novel""}, {""id"": 974, ""name"": ""bank""}, {""id"": 1252, ""name"": ""suicide attempt""}, {""id"": 1415, ""name"": ""small town""}, {""id"": 5570, ""name"": ""christmas tree""}, {""id"": 5571, ""name"": ""great depression""}, {""id"": 33965, ""name"": ""christmas eve""}, {""id"": 156115, ""name"": ""feel-good ending""}, {""id"": 184559, ""name"": ""guardian angel""}, {""id"": 207317, ""name"": ""christmas""}]",en,It's a Wonderful Life,"George Bailey has spent his entire life giving of himself to the people of Bedford Falls. He has always longed to travel but never had the opportunity in order to prevent rich skinflint Mr. Potter from taking over the entire town. All that prevents him from doing so is George's modest building and loan company, which was founded by his generous father. But on Christmas Eve, George's Uncle Billy loses the business's $8,000 while intending to deposit it in the bank. Potter finds the misplaced money, hides it from Billy, and George's troubles begin.",42.868495,"[{""name"": ""RKO Radio Pictures"", ""id"": 6}, {""name"": ""Liberty Films (II)"", ""id"": 11770}]","[{""iso_3166_1"": ""US"", ""name"": ""United States of America""}]",12/20/1946,9644124,130,"[{""iso_639_1"": ""en"", ""name"": ""English""}]",Released,It's a wonderful laugh! It's a wonderful love!,It's a Wonderful Life,8,1076
3000000,"[{""id"": 18, ""name"": ""Drama""}, {""id"": 10749, ""name"": ""Romance""}]",,261,"[{""id"": 30, ""name"": ""individual""}, {""id"": 236, ""name"": ""suicide""}, {""id"": 531, ""name"": ""southern usa""}, {""id"": 596, ""name"": ""adultery""}, {""id"": 787, ""name"": ""mississippi""}, {""id"": 894, ""name"": ""depression""}, {""id"": 931, ""name"": ""jealousy""}, {""id"": 1157, ""name"": ""wife husband relationship""}, {""id"": 3737, ""name"": ""dying and death""}, {""id"": 33457, ""name"": ""alcoholic""}]",en,Cat on a Hot Tin Roof,"Brick, an alcoholic ex-football player, drinks his days away and resists the affections of his wife, Maggie. His reunion with his father, Big Daddy, who is dying of cancer, jogs a host of memories and revelations for both father and son.",16.553594,"[{""name"": ""Avon Production"", ""id"": 100}, {""name"": ""Metro-Goldwyn-Mayer (MGM)"", ""id"": 8411}]","[{""iso_3166_1"": ""US"", ""name"": ""United States of America""}]",2/17/1958,17570324,108,"[{""iso_639_1"": ""en"", ""name"": ""English""}]",Released,Just one pillow on her bed ... and just one desire in her heart!,Cat on a Hot Tin Roof,7.6,165
3000000,"[{""id"": 18, ""name"": ""Drama""}, {""id"": 36, ""name"": ""History""}, {""id"": 10752, ""name"": ""War""}]",,826,"[{""id"": 233, ""name"": ""japan""}, {""id"": 836, ""name"": ""resistance""}, {""id"": 907, ""name"": ""japanese""}, {""id"": 1261, ""name"": ""river""}, {""id"": 1968, ""name"": ""prisoners of war""}, {""id"": 3434, ""name"": ""thailand""}, {""id"": 3450, ""name"": ""bridge""}, {""id"": 3776, ""name"": ""officer""}]",en,The Bridge on the River Kwai,"The classic story of English POWs in Burma forced to build a bridge to aid the war effort of their Japanese captors. British and American intelligence officers conspire to blow up the structure, but Col. Nicholson , the commander who supervised the bridge's construction, has acquired a sense of pride in his creation and tries to foil their plans.",23.109959,"[{""name"": ""Columbia Pictures Corporation"", ""id"": 441}, {""name"": ""Horizon Pictures (II)"", ""id"": 11356}]","[{""iso_3166_1"": ""GB"", ""name"": ""United Kingdom""}, {""iso_3166_1"": ""US"", ""name"": ""United States of America""}]",10/2/1957,33300000,161,"[{""iso_639_1"": ""ja"", ""name"": ""\u65e5\u672c\u8a9e""}, {""iso_639_1"": ""th"", ""name"": ""\u0e20\u0e32\u0e29\u0e32\u0e44\u0e17\u0e22""}, {""iso_639_1"": ""en"", ""name"": ""English""}]",Released,It spans a whole new world of entertainment!,The Bridge on the River Kwai,7.7,542
3000000,"[{""id"": 37, ""name"": ""Western""}]",,3089,"[{""id"": 1556, ""name"": ""texas""}, {""id"": 3851, ""name"": ""dangerous""}, {""id"": 7658, ""name"": ""kansas""}, {""id"": 9656, ""name"": ""cattle drive""}, {""id"": 9748, ""name"": ""revenge""}, {""id"": 15225, ""name"": ""cattle""}, {""id"": 185927, ""name"": ""adopted child""}, {""id"": 208505, ""name"": ""cattle empire""}]",en,Red River,"Dunson is driving his cattle to Red River when his adopted son, Matthew, turns against him.",5.344815,"[{""name"": ""United Artists"", ""id"": 60}, {""name"": ""Monterey Productions"", ""id"": 1316}, {""name"": ""Charles K. Feldman Group"", ""id"": 1317}]","[{""iso_3166_1"": ""US"", ""name"": ""United States of America""}]",8/26/1948,9012000,133,"[{""iso_639_1"": ""en"", ""name"": ""English""}, {""iso_639_1"": ""de"", ""name"": ""Deutsch""}, {""iso_639_1"": ""it"", ""name"": ""Italiano""}, {""iso_639_1"": ""es"", ""name"": ""Espa\u00f1ol""}]",Released,Big as the men who faced this challenge! Bold as the women who loved them!,Red River,7.3,82
2883848,"[{""id"": 35, ""name"": ""Comedy""}, {""id"": 10749, ""name"": ""Romance""}]",,239,"[{""id"": 520, ""name"": ""chicago""}, {""id"": 3581, ""name"": ""witness""}, {""id"": 4048, ""name"": ""musician""}, {""id"": 10391, ""name"": ""mafia""}, {""id"": 12090, ""name"": ""cross dressing""}, {""id"": 33624, ""name"": ""band""}, {""id"": 160395, ""name"": ""spats""}, {""id"": 160396, ""name"": ""all girl band""}, {""id"": 160397, ""name"": ""st. valentine's day massacre""}, {""id"": 160400, ""name"": ""sugar""}, {""id"": 160404, ""name"": ""valentine's day""}, {""id"": 160406, ""name"": ""dressing""}]",en,Some Like It Hot,"Two musicians witness a mob hit and struggle to find a way out of the city before they are found by the gangsters. Their only opportunity is to join an all-girl band as they leave on a tour. To make their getaway they must first disguise themselves as women, then keep their identities secret and deal with the problems this brings - such as an attractive bandmate and a very determined suitor.",39.30982,"[{""name"": ""The Mirisch Corporation"", ""id"": 219}, {""name"": ""Ashton Productions"", ""id"": 11982}]","[{""iso_3166_1"": ""US"", ""name"": ""United States of America""}]",3/18/1959,25000000,122,"[{""iso_639_1"": ""en"", ""name"": ""English""}]",Released,The movie too HOT for words!,Some Like It Hot,8,808
2777000,"[{""id"": 12, ""name"": ""Adventure""}, {""id"": 10751, ""name"": ""Family""}, {""id"": 14, ""name"": ""Fantasy""}]",http://thewizardofoz.warnerbros.com/,630,"[{""id"": 616, ""name"": ""witch""}, {""id"": 704, ""name"": ""adolescence""}, {""id"": 818, ""name"": ""based on novel""}, {""id"": 1308, ""name"": ""secret identity""}, {""id"": 1507, ""name"": ""clock""}, {""id"": 1566, ""name"": ""dream""}, {""id"": 2043, ""name"": ""lion""}, {""id"": 2213, ""name"": ""tornado""}, {""id"": 3151, ""name"": ""scarecrow""}, {""id"": 4344, ""name"": ""musical""}, {""id"": 4639, ""name"": ""crow""}, {""id"": 6027, ""name"": ""music""}, {""id"": 7658, ""name"": ""kansas""}, {""id"": 11020, ""name"": ""classic""}, {""id"": 11409, ""name"": ""imaginary land""}, {""id"": 13001, ""name"": ""cowardliness""}, {""id"": 191616, ""name"": ""sepia color""}]",en,The Wizard of Oz,"Young Dorothy finds herself in a magical world where she makes friends with a lion, a scarecrow and a tin man as they make their way along the yellow brick road to talk with the Wizard and ask for the things they miss most in their lives. The Wicked Witch of the West is the only thing that could stop them.",67.417542,"[{""name"": ""Loew's Incorporated"", ""id"": 31892}]","[{""iso_3166_1"": ""US"", ""name"": ""United States of America""}]",8/15/1939,33754967,102,"[{""iso_639_1"": ""en"", ""name"": ""English""}]",Released,"We're off to see the Wizard, the wonderful Wizard of Oz!",The Wizard of Oz,7.4,1642
2627000,"[{""id"": 18, ""name"": ""Drama""}, {""id"": 10749, ""name"": ""Romance""}, {""id"": 10752, ""name"": ""War""}]",,43306,"[{""id"": 3203, ""name"": ""pilot""}, {""id"": 3800, ""name"": ""airplane""}, {""id"": 162846, ""name"": ""ghost""}]",en,A Guy Named Joe,"Pete Sandidge (Tracy), a daredevil bomber pilot, dies when he crashes his plane into a German aircraft carrier, leaving his devoted girlfriend, Dorinda (Irene Dunne), who is also a pilot, heartbroken. In heaven, Pete receives a new assignment: he is to become the guardian angel for Ted Randall (Van Johnson), a young Army flyer. Invisibly, Pete guides Ted through flight school and into combat, but the ectoplasmic mentor's tolerance is tested when Ted falls for Dorinda. Ultimately, however, Pete not only comes to terms with their relationship but also acts as Dorinda's copilot when she undertakes a dangerous bombing raid, so that Ted won't have to. Remade by Steven Speilberg in 1989 as ALWAYS",0.531444,"[{""name"": ""Metro-Goldwyn-Mayer (MGM)"", ""id"": 8411}]","[{""iso_3166_1"": ""US"", ""name"": ""United States of America""}]",3/1/1944,5363000,120,"[{""iso_639_1"": ""en"", ""name"": ""English""}]",Released,A GUY - A GAL - A PAL - It's Swell!,A Guy Named Joe,6,8
2540800,"[{""id"": 35, ""name"": ""Comedy""}, {""id"": 10402, ""name"": ""Music""}, {""id"": 10749, ""name"": ""Romance""}]",,872,"[{""id"": 3177, ""name"": ""fan""}, {""id"": 3748, ""name"": ""morning""}, {""id"": 4344, ""name"": ""musical""}, {""id"": 6494, ""name"": ""talkie""}, {""id"": 9104, ""name"": ""partner""}, {""id"": 9732, ""name"": ""movie in movie""}, {""id"": 156028, ""name"": ""broadway""}, {""id"": 164090, ""name"": ""audience""}, {""id"": 164623, ""name"": ""chorus girl""}, {""id"": 164628, ""name"": ""diction coach""}, {""id"": 164636, ""name"": ""pearl necklace""}, {""id"": 164641, ""name"": ""flapper""}]",en,Singin' in the Rain,"In 1927 Hollywood, Don Lockwood and Lina Lamont are a famous on-screen romantic pair in silent movies, but Lina mistakes the on-screen romance for real love. When their latest film is transformed into a musical, Don has the perfect voice for the songs, but strident voice faces the studio to dub her voice. Aspiring actress, Kathy Selden is brought in and, while she is working on the movie, Don falls in love with her.",36.556954,"[{""name"": ""Metro-Goldwyn-Mayer (MGM)"", ""id"": 8411}]","[{""iso_3166_1"": ""US"", ""name"": ""United States of America""}]",4/10/1952,7200000,103,"[{""iso_639_1"": ""en"", ""name"": ""English""}]",Released,What a Glorious Feeling!,Singin' in the Rain,7.8,727
2361000,"[{""id"": 35, ""name"": ""Comedy""}, {""id"": 10402, ""name"": ""Music""}]",,43546,"[{""id"": 4344, ""name"": ""musical""}, {""id"": 7665, ""name"": ""girls' boarding school""}, {""id"": 8181, ""name"": ""swimming pool""}, {""id"": 9799, ""name"": ""romantic comedy""}]",en,Bathing Beauty,A big splash in her first starring role: Esther Williams is a teacher at a women's college -- and wacky Red Skelton enrolls to be near her. An astonishing flames-and-fountains aquatic finale.,0.628051,"[{""name"": ""Metro-Goldwyn-Mayer (MGM)"", ""id"": 8411}]","[{""iso_3166_1"": ""US"", ""name"": ""United States of America""}]",7/1/1944,6892000,101,"[{""iso_639_1"": ""en"", ""name"": ""English""}, {""iso_639_1"": ""es"", ""name"": ""Espa\u00f1ol""}, {""iso_639_1"": ""fr"", ""name"": ""Fran\u00e7ais""}]",Released,M.G.M's Mammoth Technicolor Musical Spectacle!,Bathing Beauty,7,4
2300000,"[{""id"": 10402, ""name"": ""Music""}, {""id"": 10749, ""name"": ""Romance""}]",,17820,"[{""id"": 4344, ""name"": ""musical""}, {""id"": 5987, ""name"": ""grandmother granddaughter relationship""}, {""id"": 10131, ""name"": ""interracial relationship""}, {""id"": 163976, ""name"": ""reconciliation""}, {""id"": 165870, ""name"": ""riverboat""}, {""id"": 165871, ""name"": ""showboat""}, {""id"": 165872, ""name"": ""miscegenation""}, {""id"": 165875, ""name"": ""paddlewheel boat""}]",en,Show Boat,A dashing Mississippi river gambler wins the affections of the daughter of the owner of the Show Boat.,1.606314,"[{""name"": ""Metro-Goldwyn-Mayer (MGM)"", ""id"": 8411}]","[{""iso_3166_1"": ""US"", ""name"": ""United States of America""}]",7/13/1951,11000000,107,"[{""iso_639_1"": ""en"", ""name"": ""English""}]",Released,It's NEW!,Show Boat,6.9,18
2280000,"[{""id"": 16, ""name"": ""Animation""}, {""id"": 10751, ""name"": ""Family""}, {""id"": 10402, ""name"": ""Music""}]",http://movies.disney.com/fantasia,756,"[{""id"": 3537, ""name"": ""orchestra""}, {""id"": 5783, ""name"": ""classical music""}, {""id"": 190719, ""name"": ""musical segments""}]",en,Fantasia,"Walt Disney's timeless masterpiece is an extravaganza of sight and sound! See the music come to life, hear the pictures burst into song and experience the excitement that is Fantasia over and over again.",32.875469,"[{""name"": ""Walt Disney Pictures"", ""id"": 2}]","[{""iso_3166_1"": ""US"", ""name"": ""United States of America""}]",11/13/1940,83320000,124,"[{""iso_639_1"": ""en"", ""name"": ""English""}]",Released,The most sensational sound you'll ever see!,Fantasia,7.2,808
2160000,"[{""id"": 18, ""name"": ""Drama""}]",,43610,[],en,The Valley of Decision,"Mary Rafferty comes from a poor family of steel mill workers in 19th Century Pittsburgh. Her family objects when she goes to work as a maid for the wealthy Scott family which controls the mill. Mary catches the attention of handsome scion Paul Scott, but their romance is complicated by Paul's engagement to someone else and a bitter strike among the mill workers.",0.1813,"[{""name"": ""Metro-Goldwyn-Mayer (MGM)"", ""id"": 8411}]","[{""iso_3166_1"": ""US"", ""name"": ""United States of America""}]",6/1/1945,9132000,119,"[{""iso_639_1"": ""en"", ""name"": ""English""}]",Released,,The Valley of Decision,5.8,4
2100000,"[{""id"": 18, ""name"": ""Drama""}, {""id"": 36, ""name"": ""History""}, {""id"": 10749, ""name"": ""Romance""}]",,887,"[{""id"": 279, ""name"": ""usa""}, {""id"": 447, ""name"": ""post traumatic stress  disorder""}, {""id"": 1543, ""name"": ""war veteran""}, {""id"": 1956, ""name"": ""world war ii""}, {""id"": 2367, ""name"": ""rehabilitation""}, {""id"": 2425, ""name"": ""bodily disabled person""}]",en,The Best Years of Our Lives,"It's the hope that sustains the spirit of every GI: the dream of the day when he will finally return home. For three WWII veterans, the day has arrived. But for each man, the dream is about to become a nightmare. Captain Fred Derry is returning to a loveless marriage; Sergeant Al Stephenson is a stranger to a family that's grown up without him; and young sailor Homer Parrish is tormented by the loss of his hands. Can these three men find the courage to rebuild their world? Or are the best years of their lives a thing of the past?",8.38717,"[{""name"": ""Samuel Goldwyn Company, The"", ""id"": 28205}]","[{""iso_3166_1"": ""US"", ""name"": ""United States of America""}]",12/25/1946,23650000,172,"[{""iso_639_1"": ""en"", ""name"": ""English""}]",Released,Three wonderful loves in the best picture of the year!,The Best Years of Our Lives,7.6,143
2000000,"[{""id"": 12, ""name"": ""Adventure""}, {""id"": 18, ""name"": ""Drama""}, {""id"": 10749, ""name"": ""Romance""}]",,55604,"[{""id"": 6281, ""name"": ""partnership""}, {""id"": 10590, ""name"": ""oil""}, {""id"": 156706, ""name"": ""oil tycoon""}, {""id"": 193506, ""name"": ""wildcatter""}, {""id"": 193507, ""name"": ""oil field""}]",en,Boom Town,McMasters and Sand come to oil towns to get rich. Betsey comes West intending to marry Sand but marries McMasters instead. Getting rich and losing it all teaches McMasters and Sand the value of personal ties.,1.867004,"[{""name"": ""Metro-Goldwyn-Mayer (MGM)"", ""id"": 8411}]","[{""iso_3166_1"": ""US"", ""name"": ""United States of America""}]",8/30/1940,9172000,119,"[{""iso_639_1"": ""en"", ""name"": ""English""}]",Released,Where Men Are Rough And Tough . . . And Like Their Women The Same Way !,Boom Town,6.5,8
2000000,"[{""id"": 18, ""name"": ""Drama""}, {""id"": 10749, ""name"": ""Romance""}]",,33667,"[{""id"": 10144, ""name"": ""anti semitism""}, {""id"": 13065, ""name"": ""soldier""}]",en,Gentleman's Agreement,A magazine writer poses as a Jew to expose anti-Semitism.,5.381536,"[{""name"": ""Twentieth Century Fox Film Corporation"", ""id"": 306}]","[{""iso_3166_1"": ""US"", ""name"": ""United States of America""}]",11/11/1947,7800000,118,"[{""iso_639_1"": ""en"", ""name"": ""English""}]",Released,,Gentleman's Agreement,6.8,47
2000000,"[{""id"": 18, ""name"": ""Drama""}, {""id"": 10402, ""name"": ""Music""}, {""id"": 10749, ""name"": ""Romance""}]",,43839,"[{""id"": 1691, ""name"": ""dance""}, {""id"": 167411, ""name"": ""ragtime""}, {""id"": 225156, ""name"": ""concert tour""}]",en,Alexander's Ragtime Band,"Roger Grant, a classical violinist, disappoints his family and teacher when he organizes a jazz band, but he and the band become successful. Roger falls in love with his singer Stella, but his reluctance to lose her leads him to thwart her efforts to become a solo star. When the World War separates them in 1917, Stella marries Roger's best friend Charlie. Roger comes home after the war and an important concert at Carnegie Hall brings the corners of the romantic triangle together.",0.483974,"[{""name"": ""Twentieth Century Fox Film Corporation"", ""id"": 306}]","[{""iso_3166_1"": ""US"", ""name"": ""United States of America""}]",5/24/1938,4000000,106,"[{""iso_639_1"": ""en"", ""name"": ""English""}]",Released,An American Cavalcade!,Alexander's Ragtime Band,4.8,6
2300000,"[{""id"": 80, ""name"": ""Crime""}, {""id"": 18, ""name"": ""Drama""}, {""id"": 9648, ""name"": ""Mystery""}]",,3766,"[{""id"": 242, ""name"": ""new york""}, {""id"": 582, ""name"": ""san francisco""}, {""id"": 2269, ""name"": ""aquarium""}, {""id"": 2682, ""name"": ""shanghai""}, {""id"": 3342, ""name"": ""yacht""}, {""id"": 4516, ""name"": ""romantic rivalry""}, {""id"": 4617, ""name"": ""insurance fraud""}, {""id"": 6148, ""name"": ""court""}, {""id"": 6946, ""name"": ""blonde""}, {""id"": 9937, ""name"": ""suspense""}, {""id"": 155436, ""name"": ""classic noir""}, {""id"": 195402, ""name"": ""film noir""}]",en,The Lady from Shanghai,A romantic drifter gets caught between a corrupt tycoon and his voluptuous wife.,8.055084,"[{""name"": ""Columbia Pictures Corporation"", ""id"": 441}, {""name"": ""Mercury Productions"", ""id"": 11447}]","[{""iso_3166_1"": ""US"", ""name"": ""United States of America""}]",12/24/1947,0,87,"[{""iso_639_1"": ""cn"", ""name"": ""\u5e7f\u5dde\u8bdd / \u5ee3\u5dde\u8a71""}, {""iso_639_1"": ""en"", ""name"": ""English""}]",Released,I told you... you know nothing about wickedness,The Lady from Shanghai,7.2,102
1800000,"[{""id"": 18, ""name"": ""Drama""}]",,702,"[{""id"": 531, ""name"": ""southern usa""}, {""id"": 570, ""name"": ""rape""}, {""id"": 1156, ""name"": ""sister sister relationship""}, {""id"": 1565, ""name"": ""loss of sense of reality""}, {""id"": 2102, ""name"": ""brother-in-law""}, {""id"": 2320, ""name"": ""violent husband""}, {""id"": 2411, ""name"": ""new orleans""}, {""id"": 11209, ""name"": ""middle aged woman""}, {""id"": 12980, ""name"": ""brother-in-law sister-in-law relationship""}, {""id"": 157131, ""name"": ""light bulb""}, {""id"": 160945, ""name"": ""expectant father""}, {""id"": 210284, ""name"": ""off screen rape""}]",en,A Streetcar Named Desire,Disturbed Blanche DuBois moves in with her sister in New Orleans and is tormented by her brutish brother-in-law while her reality crumbles around her.,14.884756,"[{""name"": ""Charles K. Feldman Group"", ""id"": 1317}, {""name"": ""Warner Bros."", ""id"": 6194}]","[{""iso_3166_1"": ""US"", ""name"": ""United States of America""}]",9/18/1951,8000000,125,"[{""iso_639_1"": ""en"", ""name"": ""English""}]",Released,"...Blanche, who wanted so much to stay a lady...",A Streetcar Named Desire,7.6,281
0,"[{""id"": 80, ""name"": ""Crime""}, {""id"": 18, ""name"": ""Drama""}]",,36334,[],en,Deadline - U.S.A.,"With three days before his paper folds, a crusading editor tries to expose a vicious gangster.",0.225627,"[{""name"": ""Twentieth Century Fox Film Corporation"", ""id"": 306}]","[{""iso_3166_1"": ""US"", ""name"": ""United States of America""}]",3/14/1952,0,87,"[{""iso_639_1"": ""en"", ""name"": ""English""}, {""iso_639_1"": ""de"", ""name"": ""Deutsch""}]",Released,,Deadline - U.S.A.,6.9,17
1644736,"[{""id"": 35, ""name"": ""Comedy""}, {""id"": 10749, ""name"": ""Romance""}]",,34106,"[{""id"": 2693, ""name"": ""monopoly""}, {""id"": 5728, ""name"": ""tycoon""}, {""id"": 6095, ""name"": ""house""}, {""id"": 9673, ""name"": ""love""}, {""id"": 9713, ""name"": ""friends""}, {""id"": 10483, ""name"": ""eccentric""}, {""id"": 11677, ""name"": ""secretary""}, {""id"": 11678, ""name"": ""free spirit""}, {""id"": 182625, ""name"": ""rich snob""}, {""id"": 191786, ""name"": ""stenographer""}]",en,You Can't Take It With You,"Alice, the only relatively normal member of the eccentric Sycamore family, falls in love with Tony Kirby. His wealthy banker father, Anthony P. Kirby, and his snobbish mother, strongly disapprove of the match. When the Kirbys are invited to dinner to become better acquainted with their future in-laws, things do not turn out the way Alice had hoped.",3.426314,"[{""name"": ""Columbia Pictures"", ""id"": 5}]","[{""iso_3166_1"": ""US"", ""name"": ""United States of America""}]",8/23/1938,7433101,126,"[{""iso_639_1"": ""en"", ""name"": ""English""}, {""iso_639_1"": ""ru"", ""name"": ""P\u0443\u0441\u0441\u043a\u0438\u0439""}]",Released,YOU'LL LOVE THEM ALL FOR GIVING YOU THE SWELLEST TIME YOU'VE EVER HAD!,You Can't Take It With You,7.2,79
1650000,"[{""id"": 10752, ""name"": ""War""}, {""id"": 18, ""name"": ""Drama""}, {""id"": 10749, ""name"": ""Romance""}]",,11426,"[{""id"": 1668, ""name"": ""hawaii""}, {""id"": 2539, ""name"": ""harassment""}, {""id"": 3365, ""name"": ""pearl harbor""}, {""id"": 33702, ""name"": ""bombing""}, {""id"": 158372, ""name"": ""military life""}, {""id"": 191110, ""name"": ""army base""}]",en,From Here to Eternity,"In 1941 Hawaii, a private is cruelly punished for not boxing on his unit's team, while his captain's wife and second in command are falling in love.",6.915201,"[{""name"": ""Columbia Pictures Corporation"", ""id"": 441}]","[{""iso_3166_1"": ""US"", ""name"": ""United States of America""}]",8/4/1953,30500000,118,"[{""iso_639_1"": ""en"", ""name"": ""English""}]",Released,Pouring out of impassioned pages...brawling their way to greatness on the screen!,From Here to Eternity,7.2,133
1600000,"[{""id"": 37, ""name"": ""Western""}]",,13909,"[{""id"": 1316, ""name"": ""captain""}, {""id"": 4268, ""name"": ""fort""}, {""id"": 4948, ""name"": ""retirement""}, {""id"": 10563, ""name"": ""attack""}, {""id"": 156234, ""name"": ""cavalry""}]",en,She Wore a Yellow Ribbon,"After Custer and the 7th Cavalry are wiped out by Indians, everyone expects the worst. Capt. Nathan Brittles is ordered out on patrol but he's also required to take along Abby Allshard, wife of the Fort's commanding officer, and her niece, the pretty Olivia Dandridge, who are being evacuated for their own safety. Brittles is only a few days away from retirement and Olivia has caught the eye of two of the young officers in the Company, Lt. Flint Cohill and 2nd Lt. Ross Pennell. She's taken to wearing a yellow ribbon in her hair, a sign that she has a beau in the Cavalry, but refuses to say for whom she is wearing it.",8.535178,"[{""name"": ""RKO Radio Pictures"", ""id"": 6}]","[{""iso_3166_1"": ""US"", ""name"": ""United States of America""}]",10/22/1949,5400000,103,"[{""iso_639_1"": ""en"", ""name"": ""English""}]",Released,John Ford's New and Finest Picture of the Fighting Cavalry!,She Wore a Yellow Ribbon,7.1,61
1500000,"[{""id"": 35, ""name"": ""Comedy""}, {""id"": 18, ""name"": ""Drama""}]",,3083,"[{""id"": 417, ""name"": ""corruption""}, {""id"": 521, ""name"": ""washington d.c.""}, {""id"": 1399, ""name"": ""senate""}, {""id"": 2944, ""name"": ""senator""}, {""id"": 5744, ""name"": ""governor""}, {""id"": 6083, ""name"": ""politician""}, {""id"": 11663, ""name"": ""camp""}, {""id"": 11937, ""name"": ""conservative""}, {""id"": 206515, ""name"": ""usa politics""}, {""id"": 219903, ""name"": ""political drama""}]",en,Mr. Smith Goes to Washington,"Naive and idealistic Jefferson Smith, leader of the Boy Rangers, is appointed on a lark by the spineless governor of his state. He is reunited with the state's senior senator--presidential hopeful and childhood hero, Senator Joseph Paine. In Washington, however, Smith discovers many of the shortcomings of the political process as his earnest goal of a national boys' camp leads to a conflict with the state political boss, Jim Taylor. Taylor first tries to corrupt Smith and then later attempts to destroy Smith through a scandal.",12.2624,"[{""name"": ""Columbia Pictures"", ""id"": 5}]","[{""iso_3166_1"": ""US"", ""name"": ""United States of America""}]",10/19/1939,9600000,129,"[{""iso_639_1"": ""en"", ""name"": ""English""}]",Released,"Romance, drama, laughter and heartbreak... created out of the very heart and soil of America!",Mr. Smith Goes to Washington,7.9,241
1500000,"[{""id"": 18, ""name"": ""Drama""}, {""id"": 9648, ""name"": ""Mystery""}, {""id"": 53, ""name"": ""Thriller""}]",,4174,"[{""id"": 1453, ""name"": ""amnesia""}, {""id"": 4924, ""name"": ""insane asylum""}, {""id"": 9937, ""name"": ""suspense""}]",en,Spellbound,"When Dr. Anthony Edwardes arrives at a Vermont mental hospital to replace the outgoing hospital director, Dr. Constance Peterson, a psychoanalyst, discovers Edwardes is actually an impostor. The man confesses that the real Dr. Edwardes is dead and fears he may have killed him, but cannot recall anything. Dr. Peterson, however is convinced his impostor is innocent of the man's murder, and joins him on a quest to unravel his amnesia through psychoanalysis.",11.145915,"[{""name"": ""Selznick International Pictures"", ""id"": 1553}]","[{""iso_3166_1"": ""US"", ""name"": ""United States of America""}]",12/28/1945,7000000,111,"[{""iso_639_1"": ""en"", ""name"": ""English""}]",Released,The maddest love that ever possessed a woman.,Spellbound,7.3,160
1,"[{""id"": 18, ""name"": ""Drama""}, {""id"": 35, ""name"": ""Comedy""}]",,3082,"[{""id"": 1382, ""name"": ""factory""}, {""id"": 1546, ""name"": ""ambulance""}, {""id"": 3338, ""name"": ""invention""}, {""id"": 5386, ""name"": ""tramp""}, {""id"": 5571, ""name"": ""great depression""}, {""id"": 7025, ""name"": ""industrial revolution""}, {""id"": 9253, ""name"": ""slapstick""}, {""id"": 33618, ""name"": ""machine""}, {""id"": 33619, ""name"": ""pardon""}, {""id"": 33620, ""name"": ""guilty""}]",en,Modern Times,The Tramp struggles to live in modern industrial society with the help of a young homeless woman.,28.27648,"[{""name"": ""United Artists"", ""id"": 60}, {""name"": ""Charles Chaplin Productions"", ""id"": 1315}]","[{""iso_3166_1"": ""US"", ""name"": ""United States of America""}]",2/5/1936,8500000,87,"[{""iso_639_1"": ""en"", ""name"": ""English""}]",Released,"He stands alone as the greatest entertainer of modern times! No one on earth can make you laugh as heartily or touch your heart as deeply...the whole world laughs, cries and thrills to his priceless genius!",Modern Times,8.1,856
1488423,"[{""id"": 14, ""name"": ""Fantasy""}, {""id"": 16, ""name"": ""Animation""}, {""id"": 10751, ""name"": ""Family""}]",http://movies.disney.com/snow-white-and-the-seven-dwarfs,408,"[{""id"": 351, ""name"": ""poison""}, {""id"": 616, ""name"": ""witch""}, {""id"": 1412, ""name"": ""becoming an adult""}, {""id"": 1647, ""name"": ""sadness""}, {""id"": 2011, ""name"": ""queen""}, {""id"": 2013, ""name"": ""attempted murder""}, {""id"": 3737, ""name"": ""dying and death""}, {""id"": 3758, ""name"": ""appearance""}, {""id"": 7376, ""name"": ""princess""}, {""id"": 166625, ""name"": ""candlelight vigil""}, {""id"": 169341, ""name"": ""snow white""}]",en,Snow White and the Seven Dwarfs,"A beautiful girl, Snow White, takes refuge in the forest in the house of seven dwarfs to hide from her stepmother, the wicked Queen. The Queen is jealous because she wants to be known as ""the fairest in the land,"" and Snow White's beauty surpasses her own.",80.171283,"[{""name"": ""Walt Disney Productions"", ""id"": 3166}]","[{""iso_3166_1"": ""US"", ""name"": ""United States of America""}]",12/20/1937,184925486,83,"[{""iso_639_1"": ""en"", ""name"": ""English""}]",Released,"The Happiest, Dopiest, Grumpiest, Sneeziest movie of the year.",Snow White and the Seven Dwarfs,6.9,1914
1288000,"[{""id"": 18, ""name"": ""Drama""}, {""id"": 9648, ""name"": ""Mystery""}]",,223,"[{""id"": 660, ""name"": ""monte carlo""}, {""id"": 818, ""name"": ""based on novel""}, {""id"": 965, ""name"": ""age difference""}, {""id"": 1328, ""name"": ""secret""}, {""id"": 1523, ""name"": ""obsession""}, {""id"": 3582, ""name"": ""bride""}, {""id"": 8079, ""name"": ""cornwall""}, {""id"": 9673, ""name"": ""love""}, {""id"": 9937, ""name"": ""suspense""}, {""id"": 11004, ""name"": ""rural setting""}, {""id"": 14769, ""name"": ""devotion""}, {""id"": 17997, ""name"": ""housekeeper""}, {""id"": 34079, ""name"": ""death""}, {""id"": 155881, ""name"": ""estate""}, {""id"": 188990, ""name"": ""costume party""}, {""id"": 195402, ""name"": ""film noir""}, {""id"": 228602, ""name"": ""second wife""}]",en,Rebecca,A self-conscious bride is tormented by the memory of her husband's dead first wife.,18.426825,"[{""name"": ""Selznick International Pictures"", ""id"": 1553}]","[{""iso_3166_1"": ""US"", ""name"": ""United States of America""}]",4/12/1940,6000000,130,"[{""iso_639_1"": ""en"", ""name"": ""English""}, {""iso_639_1"": ""fr"", ""name"": ""Fran\u00e7ais""}]",Released,The shadow of this woman darkened their love.,Rebecca,7.7,336
1250000,"[{""id"": 18, ""name"": ""Drama""}]",,28580,"[{""id"": 1333, ""name"": ""desperation""}, {""id"": 2677, ""name"": ""weekend""}, {""id"": 6662, ""name"": ""delirium""}, {""id"": 6782, ""name"": ""addiction""}, {""id"": 7464, ""name"": ""alcoholism""}, {""id"": 13028, ""name"": ""writer""}, {""id"": 33457, ""name"": ""alcoholic""}, {""id"": 156318, ""name"": ""bats""}, {""id"": 161043, ""name"": ""suicidal thoughts""}, {""id"": 171567, ""name"": ""low self esteem""}, {""id"": 195402, ""name"": ""film noir""}, {""id"": 201456, ""name"": ""paranoid""}]",en,The Lost Weekend,"Don Birnam, a long-time alcoholic, has been sober for ten days and appears to be over the worst... but his craving has just become more insidious. Evading a country weekend planned by his brother and girlfriend, he begins a four-day bender that just might be his last - one way or another.",6.903314,"[{""name"": ""Paramount"", ""id"": 6033}]","[{""iso_3166_1"": ""US"", ""name"": ""United States of America""}]",11/25/1945,11000000,101,"[{""iso_639_1"": ""en"", ""name"": ""English""}]",Released,The screen dares to open the strange and savage pages of a shocking bestseller!,The Lost Weekend,7.4,112
1250000,"[{""id"": 80, ""name"": ""Crime""}, {""id"": 18, ""name"": ""Drama""}, {""id"": 53, ""name"": ""Thriller""}]",,19997,"[{""id"": 389, ""name"": ""clock tower""}, {""id"": 1326, ""name"": ""infidelity""}, {""id"": 2801, ""name"": ""self-defense""}, {""id"": 5739, ""name"": ""waterfall""}, {""id"": 6662, ""name"": ""delirium""}, {""id"": 9826, ""name"": ""murder""}, {""id"": 10326, ""name"": ""morgue""}, {""id"": 10424, ""name"": ""tour guide""}, {""id"": 13073, ""name"": ""fear""}, {""id"": 15290, ""name"": ""pursuit""}, {""id"": 155440, ""name"": ""hitchcockian""}, {""id"": 167942, ""name"": ""screaming""}, {""id"": 175316, ""name"": ""unconsciousness""}, {""id"": 195402, ""name"": ""film noir""}, {""id"": 234197, ""name"": ""adultress""}]",en,Niagara,"Rose Loomis and her older, gloomier husband, George, are vacationing at a cabin in Niagara Falls, N.Y. The couple befriend Polly and Ray Cutler, who are honeymooning in the area. Polly begins to suspect that something is amiss between Rose and George, and her suspicions grow when she sees Rose in the arms of another man. While Ray initially thinks Polly is overreacting, things between George and Rose soon take a shockingly dark turn.",9.903992,"[{""name"": ""Twentieth Century Fox Film Corporation"", ""id"": 306}]","[{""iso_3166_1"": ""US"", ""name"": ""United States of America""}]",1/21/1953,8500000,92,"[{""iso_639_1"": ""en"", ""name"": ""English""}]",Released,A raging torrent of emotion that even nature can't control!,Niagara,6.7,79
1250000,"[{""id"": 18, ""name"": ""Drama""}]",,43266,"[{""id"": 1209, ""name"": ""wales""}, {""id"": 11004, ""name"": ""rural setting""}, {""id"": 164742, ""name"": ""coal mining""}]",en,How Green Was My Valley,"At the turn of the century in a Welsh mining village, the Morgans (he stern, she gentle) raise coal-mining sons and hope their youngest will find a better life. Lots of atmosphere, very sentimental view of pre-union miners' lives. The film is based on the 1939 Richard Llewellyn novel of the same name.",7.70019,"[{""name"": ""Twentieth Century Fox Film Corporation"", ""id"": 306}]","[{""iso_3166_1"": ""US"", ""name"": ""United States of America""}]",10/28/1941,6000000,118,"[{""iso_639_1"": ""en"", ""name"": ""English""}, {""iso_639_1"": ""cy"", ""name"": ""Cymraeg""}]",Released,Millions Have Read This Great Novel... Millions more will see an even greater picture!,How Green Was My Valley,6.8,72
1200000,"[{""id"": 35, ""name"": ""Comedy""}, {""id"": 9648, ""name"": ""Mystery""}, {""id"": 53, ""name"": ""Thriller""}]",,11219,"[{""id"": 1415, ""name"": ""small town""}, {""id"": 3713, ""name"": ""chase""}, {""id"": 4183, ""name"": ""wife""}, {""id"": 4908, ""name"": ""leave""}, {""id"": 9826, ""name"": ""murder""}, {""id"": 9937, ""name"": ""suspense""}, {""id"": 189421, ""name"": ""female corpse""}]",en,The Trouble with Harry,"Trouble erupts in a small, quiet New England town when a man's body is found in the woods. The problem is that almost everyone in town thinks that they had something to do with his death.",6.920873,"[{""name"": ""Paramount Pictures"", ""id"": 4}, {""name"": ""Alfred J. Hitchcock Productions"", ""id"": 10715}]","[{""iso_3166_1"": ""US"", ""name"": ""United States of America""}]",10/3/1955,7000000,99,"[{""iso_639_1"": ""en"", ""name"": ""English""}]",Released,A THRILLER with a difference!,The Trouble with Harry,6.9,149
0,"[{""id"": 18, ""name"": ""Drama""}, {""id"": 10751, ""name"": ""Family""}, {""id"": 14, ""name"": ""Fantasy""}]",,60400,"[{""id"": 2646, ""name"": ""bird""}]",en,The Blue Bird,"Set in mid-Europe sometime in the late 18th century where Mytyl (Shirley Temple), the bratty daughter of a woodcutter (Russell Hicks), finds a unique bird in the Royal Forest and selfishly refuses to give it to her sick friend. That night, she is visited in a dream by a fairy named Berylune (Jessie Ralph ) who sends her and her brother Tyltyl (Johnny Russell) to search for the Blue Bird of Happiness. To accompany them, the fairy magically transforms their dog Tylo (Eddie Collins), cat Tylette (Gale Sondergaard), and lantern (""Light"") into human form. The children have a number of adventures. The dream journey makes Mytyl awake as a kinder and gentler girl who has learned to appreciate all the comforts and joys of her home and family.",1.280733,"[{""name"": ""Twentieth Century Fox Film Corporation"", ""id"": 306}]","[{""iso_3166_1"": ""US"", ""name"": ""United States of America""}]",1/19/1940,0,88,"[{""iso_639_1"": ""en"", ""name"": ""English""}, {""iso_639_1"": ""fr"", ""name"": ""Fran\u00e7ais""}]",Released,,The Blue Bird,6.4,8
1200000,"[{""id"": 28, ""name"": ""Action""}, {""id"": 12, ""name"": ""Adventure""}, {""id"": 18, ""name"": ""Drama""}, {""id"": 10752, ""name"": ""War""}]",,43884,"[{""id"": 502, ""name"": ""ambush""}, {""id"": 4100, ""name"": ""british army""}, {""id"": 4268, ""name"": ""fort""}, {""id"": 4278, ""name"": ""invasion""}, {""id"": 10563, ""name"": ""attack""}, {""id"": 11115, ""name"": ""heroism""}, {""id"": 14546, ""name"": ""massacre""}, {""id"": 14636, ""name"": ""india""}, {""id"": 156234, ""name"": ""cavalry""}, {""id"": 186009, ""name"": ""tragic death""}, {""id"": 188270, ""name"": ""epic battle""}, {""id"": 204183, ""name"": ""crimea""}, {""id"": 208764, ""name"": ""fianc\u00e9e""}, {""id"": 232235, ""name"": ""brothers""}, {""id"": 238130, ""name"": ""brothers love same woman""}, {""id"": 238196, ""name"": ""the light brigade""}, {""id"": 238197, ""name"": ""horses""}, {""id"": 238198, ""name"": ""british lancers""}, {""id"": 238206, ""name"": ""society ball""}]",en,The Charge of the Light Brigade,"Major Vickers is an Officer in the 27th Lancers in India in 1856. Whilst the regiment is out on manoeuvres, the barracks are attacked by Surat Khan and his soldiers who massacre British women and children. This leaves an inextinguishable memory and Vickers promises to avenge the dead.",2.968235,"[{""name"": ""Warner Bros."", ""id"": 6194}]","[{""iso_3166_1"": ""US"", ""name"": ""United States of America""}]",10/20/1936,2736000,115,"[{""iso_639_1"": ""en"", ""name"": ""English""}]",Released,"The reckless lancers sweep on and on - so that a woman's heart might not be broken! You're not fighting a single legion - you're fighting the entire British army, Surat Khan!",The Charge of the Light Brigade,6.8,18
878000,"[{""id"": 18, ""name"": ""Drama""}, {""id"": 10749, ""name"": ""Romance""}]",,289,"[{""id"": 128, ""name"": ""love triangle""}, {""id"": 417, ""name"": ""corruption""}, {""id"": 470, ""name"": ""spy""}, {""id"": 836, ""name"": ""resistance""}, {""id"": 1623, ""name"": ""casablanca""}, {""id"": 1625, ""name"": ""emigration""}, {""id"": 1626, ""name"": ""visa""}, {""id"": 1627, ""name"": ""patriotism""}, {""id"": 1628, ""name"": ""nationalism""}, {""id"": 1631, ""name"": ""concentration camp""}, {""id"": 2652, ""name"": ""nazis""}, {""id"": 6091, ""name"": ""war""}, {""id"": 10644, ""name"": ""melodrama""}, {""id"": 195402, ""name"": ""film noir""}]",en,Casablanca,"In Casablanca, Morocco in December 1941, a cynical American expatriate meets a former lover, with unforeseen complications.",43.729123,"[{""name"": ""Warner Bros."", ""id"": 6194}]","[{""iso_3166_1"": ""US"", ""name"": ""United States of America""}]",11/26/1942,10462500,102,"[{""iso_639_1"": ""de"", ""name"": ""Deutsch""}, {""iso_639_1"": ""fr"", ""name"": ""Fran\u00e7ais""}, {""iso_639_1"": ""it"", ""name"": ""Italiano""}, {""iso_639_1"": ""en"", ""name"": ""English""}]",Released,They had a date with fate in Casablanca!,Casablanca,7.9,1422
1000000,"[{""id"": 18, ""name"": ""Drama""}, {""id"": 28, ""name"": ""Action""}, {""id"": 37, ""name"": ""Western""}, {""id"": 10402, ""name"": ""Music""}, {""id"": 10749, ""name"": ""Romance""}]",,39833,"[{""id"": 393, ""name"": ""civil war""}]",en,Love Me Tender,Elvis Prestley's first film is a Civil War drama.,1.444258,"[{""name"": ""Twentieth Century Fox Film Corporation"", ""id"": 306}]","[{""iso_3166_1"": ""US"", ""name"": ""United States of America""}]",11/15/1956,9000000,89,"[{""iso_639_1"": ""en"", ""name"": ""English""}]",Released,HEAR ELVIS SING . . .,Love Me Tender,5.5,21
1000000,"[{""id"": 28, ""name"": ""Action""}, {""id"": 18, ""name"": ""Drama""}, {""id"": 36, ""name"": ""History""}, {""id"": 10752, ""name"": ""War""}]",,18712,"[{""id"": 11400, ""name"": ""sergeant""}, {""id"": 161244, ""name"": ""iwo jima""}]",en,Sands of Iwo Jima,"The relationship between Sergeant Stryker and a group of rebellious recruits is made difficult by the Sergeant's tough training tactics. At Tarawa, the leathernecks have a chance to see Stryker in action, and begin to appreciate him.",3.851,"[{""name"": ""Republic Pictures (I)"", ""id"": 14317}]","[{""iso_3166_1"": ""US"", ""name"": ""United States of America""}]",12/14/1949,7800000,100,"[{""iso_639_1"": ""en"", ""name"": ""English""}]",Released,A Great Human Story... Makes A Mighty Motion Picture!!!,Sands of Iwo Jima,6.2,33
910000,"[{""id"": 80, ""name"": ""Crime""}, {""id"": 18, ""name"": ""Drama""}]",,654,"[{""id"": 9826, ""name"": ""murder""}, {""id"": 9937, ""name"": ""suspense""}, {""id"": 15137, ""name"": ""union""}, {""id"": 47079, ""name"": ""dock""}, {""id"": 69467, ""name"": ""longshoreman""}, {""id"": 156151, ""name"": ""pigeon""}]",en,On the Waterfront,"Terry Malloy dreams about being a prize fighter, while tending his pigeons and running errands at the docks for Johnny Friendly, the corrupt boss of the dockers union. Terry witnesses a murder by two of Johnny's thugs, and later meets the dead man's sister and feels responsible for his death. She introduces him to Father Barry, who tries to force him to provide information for the courts that will smash the dock racketeers.",16.015599,"[{""name"": ""Columbia Pictures"", ""id"": 5}, {""name"": ""Horizon Pictures"", ""id"": 388}]","[{""iso_3166_1"": ""US"", ""name"": ""United States of America""}]",6/22/1954,9600000,108,"[{""iso_639_1"": ""en"", ""name"": ""English""}]",Released,The Man Lived by the Jungle Law of the Docks!,On the Waterfront,8,357
858000,"[{""id"": 16, ""name"": ""Animation""}, {""id"": 18, ""name"": ""Drama""}, {""id"": 10751, ""name"": ""Family""}]",http://movies.disney.com/bambi,3170,"[{""id"": 5774, ""name"": ""forest""}, {""id"": 10683, ""name"": ""coming of age""}, {""id"": 12392, ""name"": ""best friend""}, {""id"": 18211, ""name"": ""loss of loved one""}]",en,Bambi,"Bambi's tale unfolds from season to season as the young prince of the forest learns about life, love, and friends.",47.651878,"[{""name"": ""Walt Disney Productions"", ""id"": 3166}]","[{""iso_3166_1"": ""US"", ""name"": ""United States of America""}]",8/14/1942,267447150,70,"[{""iso_639_1"": ""en"", ""name"": ""English""}]",Released,A great love story.,Bambi,6.8,1405
0,"[{""id"": 18, ""name"": ""Drama""}, {""id"": 53, ""name"": ""Thriller""}, {""id"": 10749, ""name"": ""Romance""}]",,905,"[{""id"": 212, ""name"": ""london england""}, {""id"": 585, ""name"": ""casino""}, {""id"": 893, ""name"": ""irony""}, {""id"": 3691, ""name"": ""forbidden love""}, {""id"": 4549, ""name"": ""loss of husband""}, {""id"": 14872, ""name"": ""reward""}, {""id"": 154802, ""name"": ""silent film""}]",de,Die Bchse der Pandora,The rise and inevitable fall of an amoral but naive young woman whose insouciant eroticism inspires lust and violence in those around her.,1.824184,"[{""name"": ""Nero Films"", ""id"": 4903}]","[{""iso_3166_1"": ""DE"", ""name"": ""Germany""}]",1/30/1929,0,109,"[{""iso_639_1"": ""de"", ""name"": ""Deutsch""}]",Released,,Pandora's Box,7.6,45
730000,"[{""id"": 37, ""name"": ""Western""}]",,288,"[{""id"": 75, ""name"": ""gunslinger""}, {""id"": 797, ""name"": ""showdown""}, {""id"": 5572, ""name"": ""fistfight""}, {""id"": 11011, ""name"": ""morality""}, {""id"": 11207, ""name"": ""u.s. marshal""}, {""id"": 14643, ""name"": ""battle""}, {""id"": 15108, ""name"": ""justice""}, {""id"": 18522, ""name"": ""one against many""}, {""id"": 166552, ""name"": ""quick draw""}, {""id"": 174244, ""name"": ""brawl""}, {""id"": 188907, ""name"": ""street shootout""}]",en,High Noon,High Noon is about a recently freed leader of a gang of bandits in the desert who is looking to get revenge on the Sheriff who put him in jail. A legendary western film from the Austrian director Fred Zinnemann.,18.644023,"[{""name"": ""United Artists"", ""id"": 60}, {""name"": ""Stanley Kramer Productions"", ""id"": 893}]","[{""iso_3166_1"": ""US"", ""name"": ""United States of America""}]",3/27/1952,8000000,85,"[{""iso_639_1"": ""en"", ""name"": ""English""}]",Released,The story of a man who was too proud to run.,High Noon,7.6,334
609000,"[{""id"": 35, ""name"": ""Comedy""}, {""id"": 10402, ""name"": ""Music""}, {""id"": 10749, ""name"": ""Romance""}]",,3080,"[{""id"": 110, ""name"": ""venice""}, {""id"": 1691, ""name"": ""dance""}, {""id"": 4344, ""name"": ""musical""}, {""id"": 4345, ""name"": ""tap dancing""}, {""id"": 6415, ""name"": ""stage show""}, {""id"": 7024, ""name"": ""fashion designer""}, {""id"": 10325, ""name"": ""mistaken identity""}, {""id"": 15479, ""name"": ""fashion""}, {""id"": 33493, ""name"": ""valet""}, {""id"": 41613, ""name"": ""rapier""}]",en,Top Hat,"Showman Jerry Travers is working for producer Horace Hardwick in London. Jerry demonstrates his new dance steps late one night in Horace's hotel, much to the annoyance of sleeping Dale Tremont below. She goes upstairs to complain and the two are immediately attracted to each other. Complications arise when Dale mistakes Jerry for Horace.",3.898498,"[{""name"": ""RKO Radio Pictures"", ""id"": 6}]","[{""iso_3166_1"": ""US"", ""name"": ""United States of America""}]",9/6/1935,3202000,101,"[{""iso_639_1"": ""en"", ""name"": ""English""}, {""iso_639_1"": ""it"", ""name"": ""Italiano""}]",Released,They're Dancing Cheek-To-Cheek Again!,Top Hat,7.4,59
2000000,"[{""id"": 28, ""name"": ""Action""}, {""id"": 18, ""name"": ""Drama""}]",,346,"[{""id"": 233, ""name"": ""japan""}, {""id"": 1462, ""name"": ""samurai""}, {""id"": 4402, ""name"": ""peasant""}, {""id"": 4631, ""name"": ""looting""}, {""id"": 5329, ""name"": ""rice""}, {""id"": 5330, ""name"": ""fencing""}, {""id"": 5331, ""name"": ""village""}, {""id"": 11426, ""name"": ""moral ambiguity""}, {""id"": 14643, ""name"": ""battle""}, {""id"": 33558, ""name"": ""practice""}, {""id"": 208244, ""name"": ""16th century""}]",ja,,"A samurai answers a village's request for protection after he falls on hard times. The town needs protection from bandits, so the samurai gathers six others to help him teach the people how to defend themselves, and the villagers provide the soldiers with food. A giant battle occurs when 40 bandits attack the village.",39.756748,"[{""name"": ""Toho Company"", ""id"": 882}]","[{""iso_3166_1"": ""JP"", ""name"": ""Japan""}]",4/26/1954,271841,207,"[{""iso_639_1"": ""ja"", ""name"": ""\u65e5\u672c\u8a9e""}]",Released,The Mighty Warriors Who Became the Seven National Heroes of a Small Town,Seven Samurai,8.2,878
0,[],,380097,[],en,America Is Still the Place,"1971 post civil rights San Francisco seemed like the perfect place for a black Korean War veteran and his family to realize their dream of economic independence and his own chance to be his a ""boss"". Charlie Walker would soon find out how naive he was. In a city full of impostors and naysayers, he refused to take ""No"" for an answer. Until a catastrophic disaster opened a door that had never been open to a black man before. This is a story about what happened when he stepped through that door, with both feet!.",0,[],[],,0,0,[],Released,,America Is Still the Place,0,0
439000,"[{""id"": 10402, ""name"": ""Music""}, {""id"": 35, ""name"": ""Comedy""}, {""id"": 10749, ""name"": ""Romance""}]",,3062,"[{""id"": 276, ""name"": ""philadelphia""}, {""id"": 4344, ""name"": ""musical""}, {""id"": 6415, ""name"": ""stage show""}, {""id"": 14530, ""name"": ""director""}, {""id"": 15142, ""name"": ""broken ankle""}, {""id"": 33926, ""name"": ""chorus line""}, {""id"": 41316, ""name"": ""pet dog""}, {""id"": 156028, ""name"": ""broadway""}, {""id"": 163533, ""name"": ""fainting""}, {""id"": 164623, ""name"": ""chorus girl""}, {""id"": 165168, ""name"": ""opening night""}, {""id"": 165171, ""name"": ""crutch""}, {""id"": 165172, ""name"": ""theatrical backer""}, {""id"": 165177, ""name"": ""eviction""}, {""id"": 165184, ""name"": ""show producer""}, {""id"": 165185, ""name"": ""chorine""}, {""id"": 165186, ""name"": ""plaster cast""}, {""id"": 165190, ""name"": ""show must go on""}, {""id"": 165193, ""name"": ""financial crisis""}, {""id"": 165194, ""name"": ""sock on the jaw""}]",en,42nd Street,"A producer puts on what may be his last Broadway show, and at the last moment a chorus girl has to replace the star.",1.933366,"[{""name"": ""Warner Bros."", ""id"": 6194}]","[{""iso_3166_1"": ""US"", ""name"": ""United States of America""}]",2/2/1933,2281000,89,"[{""iso_639_1"": ""en"", ""name"": ""English""}]",Released,,42nd Street,6.1,37
385907,"[{""id"": 18, ""name"": ""Drama""}]",,3059,"[{""id"": 279, ""name"": ""usa""}, {""id"": 2487, ""name"": ""naivety""}, {""id"": 3010, ""name"": ""intolerance""}, {""id"": 5314, ""name"": ""mill""}, {""id"": 6038, ""name"": ""marriage""}, {""id"": 13027, ""name"": ""wedding""}, {""id"": 14546, ""name"": ""massacre""}, {""id"": 41022, ""name"": ""protestant""}, {""id"": 154802, ""name"": ""silent film""}, {""id"": 171366, ""name"": ""multiple storylines""}, {""id"": 188618, ""name"": ""reformer""}, {""id"": 192032, ""name"": ""saved from hanging""}, {""id"": 223595, ""name"": ""jesus""}]",en,Intolerance,"The story of a poor young woman, separated by prejudice from her husband and baby, is interwoven with tales of intolerance from throughout history.",3.232447,"[{""name"": ""Triangle Film Corporation"", ""id"": 1307}, {""name"": ""Wark Producing Corp."", ""id"": 1308}]","[{""iso_3166_1"": ""US"", ""name"": ""United States of America""}]",9/4/1916,8394751,197,"[{""iso_639_1"": ""en"", ""name"": ""English""}]",Released,The Cruel Hand of Intolerance,Intolerance,7.4,60
379000,"[{""id"": 18, ""name"": ""Drama""}, {""id"": 10402, ""name"": ""Music""}, {""id"": 10749, ""name"": ""Romance""}]",,65203,"[{""id"": 4344, ""name"": ""musical""}, {""id"": 10229, ""name"": ""singer""}, {""id"": 156764, ""name"": ""pre-code""}, {""id"": 162487, ""name"": ""wisecrack humor""}, {""id"": 193649, ""name"": ""early sound film""}, {""id"": 215678, ""name"": ""partially lost film""}]",en,The Broadway Melody,"Harriet and Queenie Mahoney, a vaudeville act, come to Broadway, where their friend Eddie Kerns needs them for his number in one of Francis Zanfield's shows. Eddie was in love with Harriet, but when he meets Queenie, he falls in love to her, but she is courted by Jock Warriner, a member of the New Yorker high society. It takes a while till Queenie recognizes, that she is for Jock nothing more than a toy, and it also takes a while till Harriet recognizes, that Eddie is in love with Queenie",0.968865,"[{""name"": ""Metro-Goldwyn-Mayer (MGM)"", ""id"": 8411}]","[{""iso_3166_1"": ""US"", ""name"": ""United States of America""}]",2/8/1929,4358000,100,"[{""iso_639_1"": ""en"", ""name"": ""English""}]",Released,The pulsating drama of Broadway's bared heart speaks and sings with a voice to stir your soul!,The Broadway Melody,5,19
350000,"[{""id"": 18, ""name"": ""Drama""}]",,389,"[{""id"": 934, ""name"": ""judge""}, {""id"": 1417, ""name"": ""jurors""}, {""id"": 2118, ""name"": ""sultriness""}, {""id"": 2122, ""name"": ""death penalty""}, {""id"": 2123, ""name"": ""father murder""}, {""id"": 2124, ""name"": ""puerto rican""}, {""id"": 2142, ""name"": ""anonymity""}, {""id"": 3012, ""name"": ""court case""}, {""id"": 3772, ""name"": ""heat""}, {""id"": 6040, ""name"": ""group""}, {""id"": 6069, ""name"": ""class""}, {""id"": 6139, ""name"": ""innocence""}, {""id"": 6148, ""name"": ""court""}, {""id"": 33519, ""name"": ""courtroom""}]",en,12 Angry Men,"The defense and the prosecution have rested and the jury is filing into the jury room to decide if a young Spanish-American is guilty or innocent of murdering his father. What begins as an open and shut case soon becomes a mini-drama of each of the jurors' prejudices and preconceptions about the trial, the accused, and each other.",59.259204,"[{""name"": ""United Artists"", ""id"": 60}, {""name"": ""Orion-Nova Productions"", ""id"": 10212}]","[{""iso_3166_1"": ""US"", ""name"": ""United States of America""}]",3/25/1957,1000000,96,"[{""iso_639_1"": ""en"", ""name"": ""English""}]",Released,Life is in their hands. Death is on their minds.,12 Angry Men,8.2,2078
325000,"[{""id"": 35, ""name"": ""Comedy""}, {""id"": 10749, ""name"": ""Romance""}]",,3078,"[{""id"": 416, ""name"": ""miami""}, {""id"": 11184, ""name"": ""reference to the big bad wolf""}, {""id"": 12193, ""name"": ""reporter""}]",en,It Happened One Night,"Ellie Andrews has just tied the knot with society aviator King Westley when she is whisked away to her father's yacht and out of King's clutches. Ellie jumps ship and eventually winds up on a bus headed back to her husband. Reluctantly she must accept the help of out-of- work reporter Peter Warne. Actually, Warne doesn't give her any choice: either she sticks with him until he gets her back to her husband, or he'll blow the whistle on Ellie to her father. Either way, Peter gets what he wants... a really juicy newspaper story!",11.871424,"[{""name"": ""Columbia Pictures Corporation"", ""id"": 441}]","[{""iso_3166_1"": ""US"", ""name"": ""United States of America""}]",2/22/1934,4500000,105,"[{""iso_639_1"": ""en"", ""name"": ""English""}]",Released,TOGETHER... for the first time,It Happened One Night,7.7,275
245000,"[{""id"": 18, ""name"": ""Drama""}, {""id"": 10749, ""name"": ""Romance""}, {""id"": 10752, ""name"": ""War""}]",,3060,"[{""id"": 2504, ""name"": ""world war i""}, {""id"": 154802, ""name"": ""silent film""}]",en,The Big Parade,"The story of an idle rich boy who joins the US Army's Rainbow Division and is sent to France to fight in World War I, becomes friends with two working class men, experiences the horrors of trench warfare, and finds love with a French girl.",0.785744,"[{""name"": ""Metro-Goldwyn-Mayer (MGM)"", ""id"": 8411}]","[{""iso_3166_1"": ""US"", ""name"": ""United States of America""}]",11/5/1925,22000000,151,[],Released,,The Big Parade,7,21
210000,"[{""id"": 12, ""name"": ""Adventure""}, {""id"": 27, ""name"": ""Horror""}, {""id"": 878, ""name"": ""Science Fiction""}]",,35073,"[{""id"": 1299, ""name"": ""monster""}, {""id"": 1815, ""name"": ""atomic bomb""}, {""id"": 4079, ""name"": ""lighthouse""}, {""id"": 8721, ""name"": ""arctic""}, {""id"": 10022, ""name"": ""rampage""}, {""id"": 10121, ""name"": ""stop motion""}, {""id"": 11034, ""name"": ""b movie""}, {""id"": 11100, ""name"": ""giant monster""}, {""id"": 12616, ""name"": ""dinosaur""}, {""id"": 14512, ""name"": ""new york city""}, {""id"": 33696, ""name"": ""sea monster""}, {""id"": 155582, ""name"": ""amusement park""}, {""id"": 156768, ""name"": ""roller coaster""}, {""id"": 161271, ""name"": ""beast""}, {""id"": 223155, ""name"": ""rhedosaurus""}]",en,"The Beast from 20,000 Fathoms","The Beast from 20,000 Fathoms is a 1953 science fiction film directed by Eugne Louri and stars Paul Christian, Paula Raymond and Cecil Kellaway with visual effects by Ray Harryhausen. The film is about an atomic bomb test in the Arctic Circle that unfreezes a hibernating fictional dinosaur, a Rhedosaurus, that begins to wreak havoc in New York City.",2.043661,"[{""name"": ""Jack Dietz Productions"", ""id"": 19558}]","[{""iso_3166_1"": ""US"", ""name"": ""United States of America""}]",6/13/1953,5000000,80,"[{""iso_639_1"": ""en"", ""name"": ""English""}, {""iso_639_1"": ""fr"", ""name"": ""Fran\u00e7ais""}]",Released,It's alive !,"The Beast from 20,000 Fathoms",6.7,41
200000,"[{""id"": 35, ""name"": ""Comedy""}]",,43595,"[{""id"": 10229, ""name"": ""singer""}, {""id"": 194846, ""name"": ""night club owner""}]",en,She Done Him Wrong,"New York singer and nightclub owner Lady Lou has more men friends than you can imagine. Unfortunately one of them is a vicious criminal who's escaped and is on the way to see ""his"" girl, not realising she hasn't exactly been faithful in his absence. Help is at hand in the form of young Captain Cummings a local temperance league leader though.",0.622752,"[{""name"": ""Paramount Pictures"", ""id"": 4}]","[{""iso_3166_1"": ""US"", ""name"": ""United States of America""}]",2/9/1933,2200000,66,"[{""iso_639_1"": ""en"", ""name"": ""English""}]",Released,Mae West gives a 'Hot Time' to the nation!,She Done Him Wrong,5.1,27
0,"[{""id"": 18, ""name"": ""Drama""}]",,48035,"[{""id"": 6150, ""name"": ""faith""}, {""id"": 10183, ""name"": ""independent film""}, {""id"": 11001, ""name"": ""religion""}, {""id"": 18070, ""name"": ""religious fundamentalist""}, {""id"": 161534, ""name"": ""pregnant wife""}]",da,Ordet,"How do we understand faith and prayer, and what of miracles? August 1925 on a Danish farm. Patriarch Borgan has three sons: Mikkel, a good-hearted agnostic whose wife Inger is pregnant, Johannes, who believes he is Jesus, and Anders, young, slight, in love with the tailor's daughter. The fundamentalist sect of the girl's father is anathema to Borgan's traditional Lutheranism; he opposes the marriage until the tailor forbids it, then Borgan's pride demands that it happen. Unexpectedly, Inger, who is the family's sweetness and light, has problems with her pregnancy. The rational doctor arrives, and a long night brings sharp focus to at least four views of faith.",3.225189,"[{""name"": ""Palladium Film"", ""id"": 9079}]","[{""iso_3166_1"": ""DK"", ""name"": ""Denmark""}]",1/9/1955,0,126,"[{""iso_639_1"": ""da"", ""name"": ""Dansk""}]",Released,,Ordet,7.8,65
0,"[{""id"": 80, ""name"": ""Crime""}, {""id"": 9648, ""name"": ""Mystery""}, {""id"": 53, ""name"": ""Thriller""}]",,51130,"[{""id"": 9937, ""name"": ""suspense""}, {""id"": 195402, ""name"": ""film noir""}]",en,Open Secret,A couple discovers that their friend has gone missing. Their investigation leads them to believe that anti-semites are behind the disappearance.,0.186401,"[{""name"": ""Marathon Pictures"", ""id"": 20249}, {""name"": ""Harry Brandt Productions"", ""id"": 45137}]","[{""iso_3166_1"": ""US"", ""name"": ""United States of America""}]",2/14/1948,0,68,"[{""iso_639_1"": ""en"", ""name"": ""English""}]",Released,The Pull-No-Punch drama of men chained together by hate!,Open Secret,7,2
